<root time="171112000604503" ><item id="125541726" status="new" cut="Round" ct="75.52" col="White" cty="Belgium" /><item id="125541727" status="new" cut="Round" ct="1.4" col="E" cl="VS2" mk="Excellent" lab="GIA" cn="5182033368" cp="http://DiamondTransactions.net/icp?di=125541727" ap="7505" tp="10507.00" pol="Excellent" sym="Excellent" mes="7.14x7.17x4.49" dp="62.7" tb="57" cty="Belgium" idxl="-26" /><item id="125541728" status="new" cut="Round" ct="5.06" col="TTLB" cty="Belgium" /><item id="125541729" status="new" cut="Round" ct="1.28" col="I" cl="VVS1" mk="Excellent" lab="GIA" cn="5182622900" cp="http://DiamondTransactions.net/icp?di=125541729" ap="4957" tp="6344.96" pol="Excellent" sym="Excellent" mes="6.99x7.05x4.27" dp="60.7" tb="60" cty="Belgium" idxl="-29" /><item id="125541730" status="new" cut="Round" ct="0.7" col="K" cl="VVS1" mk="Very Good" lab="GIA" cn="5182729589" cp="http://DiamondTransactions.net/icp?di=125541730" ap="1798" tp="1258.60" pol="Very Good" sym="Very Good" mes="5.73x5.8x3.48" dp="60.5" tb="63" cty="Belgium" idxl="-31" /><item id="125541731" status="new" cut="Cushion" ct="1.26" col="G" cl="SI2" lab="HRD" cn="13021731017" cp="http://DiamondTransactions.net/icp?di=125541731" ap="3000" tp="3780.00" pol="Excellent" sym="Very Good" mes="5.76x5.75x4.41" dp="76.7" tb="63" cty="Belgium" idxl="-47" /><item id="125541732" status="new" cut="Round" ct="5.05" col="L" cl="SI2" mk="Fair" lab="HRD" cn="170003049031" cp="http://DiamondTransactions.net/icp?di=125541732" ap="6375" tp="32193.75" pol="Very Good" sym="Very Good" mes="11.49x11.5x5.79" dp="50.4" tb="64" cty="Belgium" idxl="-27" /><item id="125541733" status="new" cut="Round" ct="0.7" col="H" cl="VS2" mk="Very Good" lab="IGI" cn="286716614" cp="http://DiamondTransactions.net/icp?di=125541733" ap="2520" tp="1764.00" pol="Very Good" sym="Good" mes="5.64x5.7x3.51" tb="58.5" cty="Belgium" idxl="-35" /><item id="125541734" status="new" cut="Round" ct="0.32" col="G" cl="VVS1" mk="Excellent" lab="HRD" cn="170003050679" cp="http://DiamondTransactions.net/icp?di=125541734" ap="1500" tp="480.00" pol="Very Good" sym="Very Good" mes="4.4x4.45x2.66" dp="60.2" tb="62" cty="Belgium" idxl="-35" /><item id="125541735" status="new" cut="Pear" ct="0.49" col="E" cl="SI1" lab="HRD" cn="170003050680" cp="http://DiamondTransactions.net/icp?di=125541735" ap="1387" tp="679.63" pol="Excellent" sym="Good" mes="4.29x4.12x3.2" dp="77.7" tb="73" cty="Belgium" idxl="-45" /><item id="125541736" status="new" cut="Pear" ct="0.7" col="H" cl="SI1" lab="HRD" cn="170003050684" cp="http://DiamondTransactions.net/icp?di=125541736" ap="1922" tp="1345.40" pol="Very Good" sym="Good" mes="4.73x4.59x3.66" dp="79.7" tb="66" cty="Belgium" idxl="-43" /><item id="125541737" status="new" cut="Round" ct="4.01" col="L" cl="VS1" cty="Belgium" /><item id="125541738" status="new" cut="Round" ct="0.92" col="M" cty="Belgium" /><item id="125541739" status="new" cut="Round" ct="0.97" col="M" cty="Belgium" /><item id="125541740" status="new" cut="Round" ct="0.95" col="M" cty="Belgium" /><item id="125541741" status="new" cut="Round" ct="0.9" col="M" cty="Belgium" /><item id="125541742" status="new" cut="Pear" ct="0.46" col="F" cl="VS2" lab="GIA" cn="6183722148" cp="http://DiamondTransactions.net/icp?di=125541742" ap="1474" tp="678.04" pol="Good" sym="Good" mes="4.32x4.16x3.08" dp="74" tb="76" cty="Belgium" idxl="-41" /><item id="125541743" status="new" cut="Pear" ct="0.49" col="H" cl="VS2" lab="GIA" cn="2185722277" cp="http://DiamondTransactions.net/icp?di=125541743" ap="1206" tp="590.94" pol="Very Good" sym="Good" mes="4.25x4.23x3.26" dp="77.1" tb="77" cty="Belgium" idxl="-38" /><item id="125541744" status="new" cut="Pear" ct="0.32" col="D" cl="VS2" lab="GIA" cn="5182722135" cp="http://DiamondTransactions.net/icp?di=125541744" ap="900" tp="288.00" pol="Good" sym="Fair" mes="3.78x3.76x2.66" dp="70.8" tb="77" cty="Belgium" idxl="-56" /><item id="125541745" status="new" cut="Pear" ct="0.53" col="H" cl="SI1" lab="GIA" cn="2185722609" cp="http://DiamondTransactions.net/icp?di=125541745" ap="1365" tp="723.45" pol="Very Good" sym="Good" mes="4.3x4.29x3.33" dp="77.8" tb="76" cty="Belgium" idxl="-48" /><item id="125541746" status="new" cut="Pear" ct="0.31" col="I" cl="VS2" lab="GIA" cn="5181722233" cp="http://DiamondTransactions.net/icp?di=125541746" ap="949" tp="294.19" pol="Good" sym="Good" mes="3.73x2.66x3.73" dp="71.4" tb="69" cty="Belgium" idxl="-27" /><item id="125541747" status="new" cut="Round" ct="2.04" col="F" cl="VS2" mk="Excellent" lab="GIA" cn="2185593675" cp="http://DiamondTransactions.net/icp?di=125541747" ap="10890" tp="22215.60" pol="Excellent" sym="Excellent" mes="8.2x8.27x4.95" dp="60.2" tb="61" cty="Belgium" idxl="-39" /><item id="125541748" status="new" cut="Round" ct="0.35" col="E" cl="VS2" mk="Very Good" lab="GIA" cn="5181738167" cp="http://DiamondTransactions.net/icp?di=125541748" ap="1608" tp="562.80" pol="Very Good" sym="Very Good" mes="4.41x4.47x2.83" dp="63.7" tb="57" cty="Belgium" idxl="-29" /><item id="125541749" status="new" cut="Round" ct="0.43" col="H" cl="SI2" mk="Very Good" lab="GIA" cn="2185738212" cp="http://DiamondTransactions.net/icp?di=125541749" ap="1368" tp="588.24" pol="Very Good" sym="Very Good" mes="4.92x4.93x2.93" dp="59.5" tb="58" cty="Belgium" idxl="-20" /><item id="125541750" status="new" cut="Round" ct="0.3" col="H" cl="SI1" mk="Excellent" lab="IGI" cn="265705953" cp="http://DiamondTransactions.net/icp?di=125541750" ap="1296" tp="388.80" pol="Excellent" sym="Excellent" mes="4.34x4.38x2.62" dp="60.1" tb="59.5" cty="Belgium" idxl="-26" /><item id="125541751" status="new" cut="Round" ct="4.17" col="TTLB" cty="Belgium" /><item id="125541752" status="new" cut="Round" ct="0.5" col="F" cl="VS2" mk="Very Good" lab="GIA" cn="7268424984" cp="http://DiamondTransactions.net/icp?di=125541752" ap="3799" tp="1899.50" pol="Excellent" sym="Very Good" cty="Belgium" idxl="7" /><item id="125541753" status="new" cut="Round" ct="3.66" col="L" cty="Belgium" /><item id="125541754" status="new" cut="Round" ct="0.19" col="D" cl="VVS2" mk="Excellent" lab="IGI" cn="279792574" cp="http://DiamondTransactions.net/icp?di=125541754" ap="1430" tp="271.70" pol="Very Good" sym="Very Good" mes="3.81x3.84x2.25" tb="62.5" cty="Belgium" idxl="-25" /><item id="125541755" status="new" cut="Round" ct="2" col="D" cl="VVS1" mk="Excellent" lab="GIA" cn="7262392127" cp="http://DiamondTransactions.net/icp?di=125541755" ap="22080" tp="44160.00" pol="Excellent" sym="Excellent" mes="8.05x8.11x5.04" dp="62.3" tb="54" cty="Belgium" idxl="-41" /><item id="125541756" status="new" cut="Round" ct="3.04" col="H" cl="SI2" mk="Very Good" lab="HRD" cn="14039618001" cp="http://DiamondTransactions.net/icp?di=125541756" ap="7200" tp="21888.00" pol="Excellent" sym="Very Good" mes="9.16x9.24x5.84" dp="63.4" tb="59" cty="Belgium" idxl="-41" /><item id="125541757" status="new" cut="Pear" ct="0.37" col="E" cl="VS2" lab="GIA" cn="5181808151" cp="http://DiamondTransactions.net/icp?di=125541757" ap="1190" tp="440.30" pol="Good" sym="Good" mes="4x3.96x2.81" dp="71.1" tb="76" cty="Belgium" idxl="-37" /><item id="125541758" status="new" cut="Round" ct="0.51" col="H" cl="VS2" mk="Excellent" lab="IGI" cn="279774389" cp="http://DiamondTransactions.net/icp?di=125541758" ap="2108" tp="1075.08" pol="Excellent" sym="Excellent" mes="5.11x5.14x3.19" dp="62.3" tb="56" cty="Belgium" idxl="-32" /><item id="125541759" status="new" cut="Round" ct="0.51" col="G" cl="SI2" mk="Excellent" lab="IGI" cn="262704214" cp="http://DiamondTransactions.net/icp?di=125541759" ap="1536" tp="783.36" pol="Excellent" sym="Excellent" mes="5.11x5.15x3.18" dp="62" tb="57.5" cty="Belgium" idxl="-35" /><item id="125541760" status="new" cut="Round" ct="1.02" col="E" cl="I1" mk="Very Good" lab="HRD" cn="170003092284" cp="http://DiamondTransactions.net/icp?di=125541760" ap="3285" tp="3350.70" pol="Very Good" sym="Very Good" mes="6.32x6.34x4.06" dp="64" tb="57" cty="Belgium" idxl="-27" /><item id="125541761" status="new" cut="Round" ct="1.1" col="G" cl="I1" mk="Good" lab="HRD" cn="170003092287" cp="http://DiamondTransactions.net/icp?di=125541761" ap="3150" tp="3465.00" pol="Very Good" sym="Very Good" mes="6.38x6.4x4.17" dp="65.3" tb="55" cty="Belgium" idxl="-21" /><item id="125541762" status="new" cut="Round" ct="1.01" col="H" cl="I1" mk="Very Good" lab="HRD" cn="170003092285" cp="http://DiamondTransactions.net/icp?di=125541762" ap="3200" tp="3232.00" pol="Very Good" sym="Excellent" mes="6.24x6.3x4.01" dp="63.8" tb="59" cty="Belgium" idxl="-14" /><item id="125541763" status="new" cut="Round" ct="1.01" col="G" cl="I1" mk="Very Good" lab="HRD" cn="170003092283" cp="http://DiamondTransactions.net/icp?di=125541763" ap="2940" tp="2969.40" pol="Excellent" sym="Excellent" mes="6.26x6.29x4.03" dp="64.3" tb="57" cty="Belgium" idxl="-26" /><item id="125541764" status="new" cut="Heart" ct="1.17" col="K" cl="VS1" cty="Belgium" /><item id="125541765" status="new" cut="Round" ct="0.5" col="E" cl="VS1" mk="Excellent" lab="GIA" cn="7241063581" cp="http://DiamondTransactions.net/icp?di=125541765" ap="4300" tp="2150.00" pol="Very Good" sym="Very Good" mes="5.09x5.16x3.06" dp="59.7" tb="61" cty="Belgium" idxl="4" /><item id="125541766" status="new" cut="Round" ct="0.5" col="F" cl="VVS2" mk="Excellent" lab="GIA" cn="6183336970" cp="http://DiamondTransactions.net/icp?di=125541766" ap="2860" tp="1430.00" pol="Excellent" sym="Very Good" mes="5.05x5.07x3.18" dp="62.8" tb="57" cty="Belgium" idxl="-29" /><item id="125541767" status="new" cut="Round" ct="0.51" col="F" cl="VS1" mk="Excellent" lab="GIA" cn="6183484798" cp="http://DiamondTransactions.net/icp?di=125541767" ap="4100" tp="2091.00" pol="Excellent" sym="Excellent" mes="5.17x5.2x3.14" dp="60.6" tb="62" cty="Belgium" idxl="6" /><item id="125541768" status="new" cut="Round" ct="0.52" col="G" cl="VS2" mk="Excellent" lab="GIA" cn="2266375984" cp="http://DiamondTransactions.net/icp?di=125541768" ap="3500" tp="1820.00" pol="Excellent" sym="Excellent" mes="5.12x5.15x3.21" dp="62.5" tb="58" cty="Belgium" idxl="6" /><item id="125541769" status="new" cut="Emerald" ct="1.99" col="D" cl="VS1" lab="HRD" cn="170003103781" cp="http://DiamondTransactions.net/icp?di=125541769" ap="6600" tp="13134.00" pol="Very Good" sym="Very Good" mes="8.67x6.33x4" dp="63.2" tb="72" cty="Belgium" idxl="-49" /><item id="125541770" status="new" cut="Round" ct="0.8" col="G" cl="VS1" mk="Very Good" lab="GIA" cn="6187757960" cp="http://DiamondTransactions.net/icp?di=125541770" ap="4900" tp="3920.00" pol="Excellent" sym="Excellent" mes="5.84x5.86x3.74" dp="63.9" tb="57" cty="Belgium" idxl="2" /><item id="125541771" status="new" cut="Round" ct="0.45" col="G" cl="VS1" mk="Very Good" lab="GIA" cn="1265357664" cp="http://DiamondTransactions.net/icp?di=125541771" ap="2800" tp="1260.00" pol="Excellent" sym="Very Good" mes="4.78x4.8x3.08" dp="64.3" tb="56" cty="Belgium" idxl="8" /><item id="125541772" status="new" cut="Round" ct="0.5" col="F" cl="VS2" mk="Very Good" lab="GIA" cn="2277198261" cp="http://DiamondTransactions.net/icp?di=125541772" ap="3700" tp="1850.00" pol="Excellent" sym="Excellent" mes="4.95x4.97x3.19" dp="64.4" tb="56" cty="Belgium" idxl="4" /><item id="125541773" status="new" cut="Round" ct="0.51" col="G" cl="SI1" mk="Excellent" lab="GIA" cn="2266956130" cp="http://DiamondTransactions.net/icp?di=125541773" ap="3000" tp="1530.00" pol="Very Good" sym="Excellent" mes="5.08x5.1x3.16" dp="62" tb="59" cty="Belgium" /><item id="125541774" status="new" cut="Round" ct="0.6" col="G" cl="VS2" mk="Excellent" lab="GIA" cn="1255878660" cp="http://DiamondTransactions.net/icp?di=125541774" ap="3500" tp="2100.00" pol="Excellent" sym="Very Good" mes="5.54x5.55x3.27" dp="59" tb="60" cty="Belgium" idxl="6" /><item id="125541775" status="new" cut="Round" ct="0.72" col="F" cl="VS2" mk="Very Good" lab="GIA" cn="2244161093" cp="http://DiamondTransactions.net/icp?di=125541775" ap="5000" tp="3600.00" pol="Excellent" sym="Excellent" mes="5.7x5.73x3.58" dp="62.7" tb="56" cty="Belgium" idxl="6" /><item id="125541776" status="new" cut="Round" ct="0.91" col="G" cl="VS2" mk="Very Good" lab="GIA" cn="7261366306" cp="http://DiamondTransactions.net/icp?di=125541776" ap="6200" tp="5642.00" pol="Very Good" sym="Excellent" mes="6.06x6.12x3.89" dp="63.9" tb="59" cty="Belgium" idxl="5" /><item id="125541777" status="new" cut="Round" ct="0.5" col="G" cl="VS1" mk="Very Good" lab="GIA" cn="6262215580" cp="http://DiamondTransactions.net/icp?di=125541777" ap="3800" tp="1900.00" pol="Excellent" sym="Excellent" mes="4.99x5.02x3.19" dp="63.7" tb="60" cty="Belgium" idxl="4" /><item id="125541778" status="new" cut="Round" ct="0.5" col="G" cl="VS1" mk="Very Good" lab="GIA" cn="2266212251" cp="http://DiamondTransactions.net/icp?di=125541778" ap="3800" tp="1900.00" pol="Excellent" sym="Excellent" mes="4.95x4.99x3.16" dp="63.7" tb="56" cty="Belgium" idxl="4" /><item id="125541779" status="new" cut="Round" ct="0.8" col="G" cl="VS1" mk="Very Good" lab="GIA" cn="6255184859" cp="http://DiamondTransactions.net/icp?di=125541779" ap="4900" tp="3920.00" pol="Excellent" sym="Very Good" mes="5.81x5.84x3.73" dp="64.1" tb="55" cty="Belgium" idxl="2" /><item id="125541780" status="new" cut="Round" ct="0.82" col="G" cl="VS1" mk="Very Good" lab="GIA" cn="6265867367" cp="http://DiamondTransactions.net/icp?di=125541780" ap="4900" tp="4018.00" pol="Excellent" sym="Excellent" mes="5.83x5.87x3.75" dp="64.1" tb="58" cty="Belgium" idxl="2" /><item id="125541781" status="new" cut="Round" ct="0.7" col="F" cl="VS2" mk="Very Good" lab="GIA" cn="2266984979" cp="http://DiamondTransactions.net/icp?di=125541781" ap="5000" tp="3500.00" pol="Excellent" sym="Excellent" mes="5.63x5.66x3.52" dp="62.3" tb="62" cty="Belgium" idxl="6" /><item id="125541782" status="new" cut="Round" ct="0.3" col="F" cl="VVS2" mk="Excellent" lab="GIA" cn="6271148236" cp="http://DiamondTransactions.net/icp?di=125541782" ap="2500" tp="750.00" pol="Excellent" sym="Excellent" mes="4.3x4.32x2.66" dp="61.7" tb="59" cty="Belgium" idxl="9" /><item id="125541783" status="new" cut="Round" ct="0.3" col="F" cl="VVS2" mk="Excellent" lab="GIA" cn="7268921636" cp="http://DiamondTransactions.net/icp?di=125541783" ap="2500" tp="750.00" pol="Excellent" sym="Excellent" mes="4.3x4.32x2.69" dp="62.3" tb="58" cty="Belgium" idxl="9" /><item id="125541784" status="new" cut="Round" ct="0.3" col="F" cl="VVS2" mk="Excellent" lab="GIA" cn="7268212328" cp="http://DiamondTransactions.net/icp?di=125541784" ap="2500" tp="750.00" pol="Excellent" sym="Excellent" mes="4.31x4.33x2.65" dp="61.2" tb="60" cty="Belgium" idxl="9" /><item id="125541785" status="new" cut="Round" ct="1.55" col="H" cl="SI1" mk="Excellent" lab="GIA" cn="6235340741" cp="http://DiamondTransactions.net/icp?di=125541785" ap="8700" tp="13485.00" pol="Excellent" sym="Excellent" mes="7.53x7.55x4.47" dp="59.3" tb="60" cty="Belgium" idxl="-2" /><item id="125541786" status="new" cut="Round" ct="0.51" col="F" cl="VS1" mk="Very Good" lab="GIA" cn="7268790135" cp="http://DiamondTransactions.net/icp?di=125541786" ap="4100" tp="2091.00" pol="Excellent" sym="Excellent" mes="4.97x5.01x3.25" dp="65.1" tb="55" cty="Belgium" idxl="6" /><item id="125541787" status="new" cut="Round" ct="0.5" col="G" cl="VS1" mk="Very Good" lab="GIA" cn="2276232266" cp="http://DiamondTransactions.net/icp?di=125541787" ap="3800" tp="1900.00" pol="Excellent" sym="Very Good" mes="4.97x4.98x3.18" dp="63.9" tb="55" cty="Belgium" idxl="4" /><item id="125541788" status="new" cut="Round" ct="0.51" col="H" cl="SI1" mk="Excellent" lab="GIA" cn="1269898351" cp="http://DiamondTransactions.net/icp?di=125541788" ap="2900" tp="1479.00" pol="Excellent" sym="Excellent" mes="5.1x5.14x3.14" dp="61.4" tb="58" cty="Belgium" idxl="7" /><item id="125541789" status="new" cut="Round" ct="0.51" col="H" cl="SI1" mk="Excellent" lab="GIA" cn="5273190901" cp="http://DiamondTransactions.net/icp?di=125541789" ap="2900" tp="1479.00" pol="Excellent" sym="Excellent" mes="5.09x5.13x3.2" dp="62.5" tb="57" cty="Belgium" idxl="7" /><item id="125541790" status="new" cut="Round" ct="0.3" col="H" cl="SI1" mk="Excellent" lab="IGI" cn="286711978" cp="http://DiamondTransactions.net/icp?di=125541790" ap="1800" tp="540.00" pol="Excellent" sym="Excellent" mes="4.28x4.3x2.69" dp="62.6" tb="56" cty="Belgium" idxl="3" /><item id="125541791" status="new" cut="Round" ct="0.3" col="H" cl="SI1" mk="Excellent" lab="IGI" cn="279774094" cp="http://DiamondTransactions.net/icp?di=125541791" ap="1800" tp="540.00" pol="Excellent" sym="Very Good" mes="4.27x4.3x2.68" dp="62.5" tb="55.5" cty="Belgium" idxl="3" /><item id="125541792" status="new" cut="Round" ct="0.3" col="H" cl="SI1" mk="Excellent" lab="IGI" cn="279774173" cp="http://DiamondTransactions.net/icp?di=125541792" ap="1800" tp="540.00" pol="Very Good" sym="Excellent" mes="4.3x4.34x2.64" dp="61.2" tb="57" cty="Belgium" idxl="3" /><item id="125541793" status="new" cut="Round" ct="0.3" col="H" cl="SI1" mk="Excellent" lab="IGI" cn="279765052" cp="http://DiamondTransactions.net/icp?di=125541793" ap="1800" tp="540.00" pol="Excellent" sym="Excellent" mes="4.3x4.31x2.69" dp="62.5" tb="56.5" cty="Belgium" idxl="3" /><item id="125541794" status="new" cut="Round" ct="0.3" col="H" cl="SI1" mk="Excellent" lab="IGI" cn="286701857" cp="http://DiamondTransactions.net/icp?di=125541794" ap="1800" tp="540.00" pol="Excellent" sym="Excellent" mes="4.26x4.29x2.68" dp="62.7" tb="56.5" cty="Belgium" idxl="3" /><item id="125541795" status="new" cut="Round" ct="0.3" col="H" cl="SI1" mk="Excellent" lab="IGI" cn="279765038" cp="http://DiamondTransactions.net/icp?di=125541795" ap="1800" tp="540.00" pol="Excellent" sym="Excellent" mes="4.3x4.31x2.72" dp="63.2" tb="55.5" cty="Belgium" idxl="3" /><item id="125541796" status="new" cut="Round" ct="0.3" col="H" cl="SI1" mk="Excellent" lab="IGI" cn="286702213" cp="http://DiamondTransactions.net/icp?di=125541796" ap="1800" tp="540.00" pol="Very Good" sym="Excellent" mes="4.28x4.31x2.68" dp="62.5" tb="57" cty="Belgium" idxl="3" /><item id="125541797" status="new" cut="Round" ct="0.3" col="H" cl="SI1" mk="Excellent" lab="IGI" cn="265732282" cp="http://DiamondTransactions.net/icp?di=125541797" ap="1800" tp="540.00" pol="Excellent" sym="Excellent" mes="4.25x4.29x2.68" dp="62.8" tb="55" cty="Belgium" idxl="3" /><item id="125541798" status="new" cut="Round" ct="0.3" col="H" cl="SI1" mk="Very Good" lab="IGI" cn="279772189" cp="http://DiamondTransactions.net/icp?di=125541798" ap="1800" tp="540.00" pol="Excellent" sym="Excellent" mes="4.17x4.21x2.69" dp="64" tb="57.5" cty="Belgium" idxl="3" /><item id="125541799" status="new" cut="Round" ct="0.3" col="H" cl="SI1" mk="Excellent" lab="IGI" cn="279765106" cp="http://DiamondTransactions.net/icp?di=125541799" ap="1800" tp="540.00" pol="Excellent" sym="Very Good" mes="4.35x4.36x2.67" dp="61.4" tb="56.5" cty="Belgium" idxl="3" /><item id="125541800" status="new" cut="Round" ct="0.3" col="H" cl="SI1" mk="Excellent" lab="IGI" cn="279765095" cp="http://DiamondTransactions.net/icp?di=125541800" ap="1800" tp="540.00" pol="Excellent" sym="Excellent" mes="4.29x4.3x2.67" dp="62.2" tb="57" cty="Belgium" idxl="3" /><item id="125541801" status="new" cut="Round" ct="1.53" col="G" cl="SI2" mk="Excellent" lab="IGI" cn="270782760" cp="http://DiamondTransactions.net/icp?di=125541801" ap="7500" tp="11475.00" pol="Excellent" sym="Excellent" mes="7.34x7.37x4.59" dp="62.5" tb="57.5" cty="Belgium" /><item id="125541802" status="new" cut="Round" ct="0.71" col="D" cl="IF" mk="Very Good" lab="GIA" cn="2175855726" cp="http://DiamondTransactions.net/icp?di=125541802" ap="8700" tp="6177.00" pol="Excellent" sym="Excellent" mes="5.58x5.61x3.58" dp="64" tb="58" fc="Blue" cty="Belgium" idxl="-6" /><item id="125541803" status="new" cut="Round" ct="0.5" col="E" cl="SI1" mk="Excellent" lab="GIA" cn="6242237705" cp="http://DiamondTransactions.net/icp?di=125541803" ap="3300" tp="1650.00" pol="Excellent" sym="Very Good" mes="5.11x5.14x3.08" dp="60.1" tb="61" cty="Belgium" idxl="5" /><item id="125541804" status="new" cut="Round" ct="0.74" col="E" cl="SI2" mk="Excellent" lab="GIA" cn="7243830772" cp="http://DiamondTransactions.net/icp?di=125541804" ap="3600" tp="2664.00" pol="Excellent" sym="Excellent" mes="5.74x5.76x3.6" dp="62.6" tb="58" cty="Belgium" idxl="3" /><item id="125541805" status="new" cut="Round" ct="0.35" col="G" cl="VS2" mk="Excellent" lab="GIA" cn="1275297728" cp="http://DiamondTransactions.net/icp?di=125541805" ap="2200" tp="770.00" pol="Excellent" sym="Excellent" mes="4.48x4.51x2.81" dp="62.5" tb="55" cty="Belgium" idxl="5" /><item id="125541806" status="new" cut="Round" ct="0.36" col="G" cl="VS2" mk="Excellent" lab="GIA" cn="1182455852" cp="http://DiamondTransactions.net/icp?di=125541806" ap="2200" tp="792.00" pol="Excellent" sym="Excellent" mes="4.57x4.59x2.84" dp="61.9" tb="58" cty="Belgium" idxl="5" /><item id="125541807" status="new" cut="Round" ct="0.31" col="G" cl="SI1" mk="Excellent" lab="GIA" cn="2181019687" cp="http://DiamondTransactions.net/icp?di=125541807" ap="2000" tp="620.00" pol="Excellent" sym="Very Good" mes="4.34x4.37x2.69" dp="61.8" tb="59" cty="Belgium" idxl="5" /><item id="125541808" status="new" cut="Round" ct="0.31" col="G" cl="SI1" mk="Excellent" lab="GIA" cn="2267292448" cp="http://DiamondTransactions.net/icp?di=125541808" ap="2000" tp="620.00" pol="Very Good" sym="Excellent" mes="4.36x4.39x2.65" dp="60.7" tb="58" cty="Belgium" idxl="5" /><item id="125541809" status="new" cut="Round" ct="0.3" col="G" cl="SI1" mk="Excellent" lab="GIA" cn="1186354324" cp="http://DiamondTransactions.net/icp?di=125541809" ap="2000" tp="600.00" pol="Excellent" sym="Excellent" mes="4.3x4.34x2.64" dp="61" tb="58" cty="Belgium" idxl="5" /><item id="125541810" status="new" cut="Round" ct="0.3" col="G" cl="SI1" mk="Very Good" lab="GIA" cn="2185349929" cp="http://DiamondTransactions.net/icp?di=125541810" ap="2000" tp="600.00" pol="Excellent" sym="Very Good" mes="4.33x4.36x2.56" dp="58.9" tb="62" cty="Belgium" idxl="5" /><item id="125541811" status="new" cut="Round" ct="0.3" col="G" cl="SI1" mk="Excellent" lab="GIA" cn="6275212840" cp="http://DiamondTransactions.net/icp?di=125541811" ap="2000" tp="600.00" pol="Excellent" sym="Excellent" mes="4.31x4.34x2.64" dp="61" tb="59" cty="Belgium" idxl="5" /><item id="125541812" status="new" cut="Round" ct="0.3" col="G" cl="SI1" mk="Excellent" lab="GIA" cn="6271279737" cp="http://DiamondTransactions.net/icp?di=125541812" ap="2000" tp="600.00" pol="Very Good" sym="Excellent" mes="4.3x4.33x2.61" dp="60.6" tb="60" cty="Belgium" idxl="5" /><item id="125541813" status="new" cut="Round" ct="0.3" col="G" cl="SI1" mk="Very Good" lab="GIA" cn="2185560346" cp="http://DiamondTransactions.net/icp?di=125541813" ap="2000" tp="600.00" pol="Very Good" sym="Very Good" mes="4.3x4.33x2.63" dp="60.9" tb="62" cty="Belgium" idxl="5" /><item id="125541814" status="new" cut="Round" ct="2.01" col="H" cl="SI2" mk="Excellent" lab="GIA" cn="2257597560" cp="http://DiamondTransactions.net/icp?di=125541814" ap="9500" tp="19095.00" pol="Excellent" sym="Excellent" mes="8.06x8.09x4.96" dp="61.4" tb="61" cty="Belgium" idxl="-1" /><item id="125541815" status="new" cut="Round" ct="1.11" col="G" cl="VS2" mk="Excellent" lab="GIA" cn="2247969396" cp="http://DiamondTransactions.net/icp?di=125541815" ap="7900" tp="8769.00" pol="Excellent" sym="Excellent" mes="6.66x6.7x4.07" dp="60.9" tb="58" fc="Blue" cty="Belgium" idxl="-1" /><item id="125541816" status="new" cut="Round" ct="1.14" col="L" cl="VVS2" mk="Excellent" lab="HRD" cn="170003091285" cp="http://DiamondTransactions.net/icp?di=125541816" ap="2580" tp="2941.20" pol="Excellent" sym="Very Good" mes="6.68x6.7x4.19" dp="62.7" tb="57" cty="Belgium" idxl="-40" /><item id="125541817" status="new" cut="Round" ct="1.53" col="E" cl="VS1" mk="Excellent" lab="GIA" cn="2208868729" cp="http://DiamondTransactions.net/icp?di=125541817" ap="9685" tp="14818.05" pol="Excellent" sym="Excellent" mes="7.36x7.4x4.58" dp="62" tb="58" cty="Belgium" idxl="-34" /><item id="125541818" status="new" cut="Round" ct="1.05" col="E" cl="VS1" mk="Excellent" lab="GIA" cn="7201828700" cp="http://DiamondTransactions.net/icp?di=125541818" ap="7169" tp="7527.45" pol="Excellent" sym="Excellent" mes="6.44x6.5x4.05" dp="62.5" tb="57" cty="Belgium" idxl="-30" /><item id="125541819" status="new" cut="Round" ct="1.08" col="F" cl="SI2" mk="Fair" lab="HRD" cn="170003096529" cp="http://DiamondTransactions.net/icp?di=125541819" ap="2772" tp="2993.76" pol="Very Good" sym="Good" dp="55.4" tb="66" cty="Belgium" idxl="-57" /><item id="125541820" status="new" cut="Round" ct="0.7" col="D" cl="SI2" mk="Excellent" lab="GIA" cn="5181856101" cp="http://DiamondTransactions.net/icp?di=125541820" ap="2356" tp="1649.20" pol="Excellent" sym="Excellent" mes="5.66x5.69x3.53" dp="62.2" tb="58" cty="Belgium" idxl="-37" /><item id="125541821" status="new" cut="Round" ct="0.31" col="I" cl="I1" mk="Good" lab="GIA" cn="1182854590" cp="http://DiamondTransactions.net/icp?di=125541821" ap="620" tp="192.20" sym="Very Good" mes="4.25x4.26x2.73" dp="64.2" tb="55" cty="Belgium" idxl="-38" /><item id="125541822" status="new" cut="Round" ct="0.46" col="G" cl="VS2" mk="Very Good" lab="GIA" cn="1273228962" cp="http://DiamondTransactions.net/icp?di=125541822" ap="2600" tp="1196.00" pol="Excellent" sym="Excellent" mes="4.81x4.85x3.1" dp="64.2" tb="57" cty="Belgium" idxl="2" /><item id="125541823" status="new" cut="Round" ct="0.46" col="G" cl="VS1" mk="Very Good" lab="GIA" cn="2267387313" cp="http://DiamondTransactions.net/icp?di=125541823" ap="2800" tp="1288.00" pol="Excellent" sym="Excellent" mes="4.8x4.84x3.11" dp="64.5" tb="57" cty="Belgium" idxl="8" /><item id="125541824" status="new" cut="Round" ct="0.71" col="G" cl="VS1" mk="Very Good" lab="GIA" cn="6275045411" cp="http://DiamondTransactions.net/icp?di=125541824" ap="4900" tp="3479.00" pol="Excellent" sym="Very Good" mes="5.61x5.67x3.57" dp="63.3" tb="57" cty="Belgium" idxl="7" /><item id="125541825" status="new" cut="Round" ct="0.5" col="F" cl="VS2" mk="Very Good" lab="GIA" cn="2274071465" cp="http://DiamondTransactions.net/icp?di=125541825" ap="3700" tp="1850.00" pol="Excellent" sym="Excellent" mes="4.98x5.01x3.2" dp="64.1" tb="56" cty="Belgium" idxl="4" /><item id="125541826" status="new" cut="Round" ct="0.4" col="G" cl="VS1" mk="Very Good" lab="GIA" cn="6272045201" cp="http://DiamondTransactions.net/icp?di=125541826" ap="2800" tp="1120.00" pol="Excellent" sym="Excellent" mes="4.66x4.68x2.9" dp="62" tb="61" cty="Belgium" idxl="17" /><item id="125541827" status="new" cut="Round" ct="0.41" col="G" cl="VVS2" mk="Very Good" lab="GIA" cn="5181749734" cp="http://DiamondTransactions.net/icp?di=125541827" ap="2900" tp="1189.00" pol="Excellent" sym="Excellent" mes="4.65x4.68x2.99" dp="64.1" tb="57" cty="Belgium" idxl="18" /><item id="125541828" status="new" cut="Round" ct="0.4" col="F" cl="VS2" mk="Very Good" lab="GIA" cn="2185801498" cp="http://DiamondTransactions.net/icp?di=125541828" ap="2700" tp="1080.00" pol="Excellent" sym="Very Good" mes="4.7x4.71x2.87" dp="61.1" tb="60" cty="Belgium" idxl="15" /><item id="125541829" status="new" cut="Round" ct="1.1" col="G" cl="SI1" mk="Excellent" lab="GIA" cn="7256004333" cp="http://DiamondTransactions.net/icp?di=125541829" ap="7100" tp="7810.00" pol="Excellent" sym="Excellent" mes="6.57x6.61x4.11" dp="62.4" tb="57" cty="Belgium" idxl="-3" /><item id="125541830" status="new" cut="Cushion" ct="1.04" col="H" cl="VS1" lab="GIA" cn="1259484843" cp="http://DiamondTransactions.net/icp?di=125541830" ap="5600" tp="5824.00" pol="Excellent" sym="Excellent" mes="5.88x5.82x3.91" dp="67.1" tb="60" cty="Belgium" idxl="-10" /><item id="125541831" status="new" cut="Cushion" ct="1.04" col="G" cl="VS2" lab="GIA" cn="5266833942" cp="http://DiamondTransactions.net/icp?di=125541831" ap="6400" tp="6656.00" pol="Excellent" sym="Very Good" mes="6.07x5.91x3.91" dp="66.1" tb="61" cty="Belgium" idxl="-9" /><item id="125541832" status="new" cut="Round" ct="1.02" col="J" cl="SI2" mk="Excellent" lab="IGI" cn="196509126" cp="http://DiamondTransactions.net/icp?di=125541832" ap="4700" tp="4794.00" pol="Excellent" sym="Excellent" mes="6.54x6.57x3.87" dp="59" tb="61" cty="Belgium" idxl="4" /><item id="125541833" status="new" cut="Round" ct="0.9" col="D" cl="SI1" mk="Very Good" lab="GIA" cn="2264752075" cp="http://DiamondTransactions.net/icp?di=125541833" ap="6500" tp="5850.00" pol="Very Good" sym="Very Good" mes="6.06x6.13x3.89" dp="63.8" tb="57" cty="Belgium" idxl="2" /><item id="125541834" status="new" cut="Marquise" ct="0.9" col="D" cl="SI1" lab="GIA" cn="6255652510" cp="http://DiamondTransactions.net/icp?di=125541834" ap="5500" tp="4950.00" pol="Very Good" sym="Very Good" mes="9.4x5.11x3.22" dp="63" tb="53" cty="Belgium" idxl="-7" /><item id="125541835" status="new" cut="Pear" ct="0.9" col="H" cl="SI1" lab="HRD" cn="170003047016" cp="http://DiamondTransactions.net/icp?di=125541835" ap="4400" tp="3960.00" pol="Very Good" sym="Excellent" mes="5.26x5.13x3.63" dp="70.8" tb="70" cty="Belgium" idxl="-10" /><item id="125541836" status="new" cut="Emerald" ct="0.9" col="H" cl="VS1" lab="GIA" cn="5256881115" cp="http://DiamondTransactions.net/icp?di=125541836" ap="4700" tp="4230.00" pol="Excellent" sym="Very Good" mes="6.22x4.5x3.12" dp="69.3" tb="70" cty="Belgium" idxl="-13" /><item id="125541837" status="new" cut="Emerald" ct="0.91" col="H" cl="VS2" lab="GIA" cn="7261429812" cp="http://DiamondTransactions.net/icp?di=125541837" ap="4600" tp="4186.00" pol="Very Good" sym="Very Good" mes="6.3x4.62x3.15" dp="68.2" tb="67" cty="Belgium" idxl="-13" /><item id="125541838" status="new" cut="Emerald" ct="0.91" col="G" cl="SI1" lab="GIA" cn="2257824886" cp="http://DiamondTransactions.net/icp?di=125541838" ap="4900" tp="4459.00" pol="Very Good" sym="Very Good" mes="6.41x4.57x3.18" dp="69.6" tb="65" cty="Belgium" idxl="-9" /><item id="125541839" status="new" cut="Round" ct="0.77" col="F" cl="VS2" mk="Excellent" lab="GIA" cn="1267414923" cp="http://DiamondTransactions.net/icp?di=125541839" ap="3700" tp="2849.00" pol="Excellent" sym="Excellent" cty="Belgium" idxl="-21" /><item id="125541840" status="new" cut="Round" ct="0.3" col="H" cl="SI1" mk="Excellent" lab="IGI" cn="265751120" cp="http://DiamondTransactions.net/icp?di=125541840" ap="1296" tp="388.80" pol="Excellent" sym="Excellent" mes="4.29x4.32x2.68" dp="62.4" tb="56" cty="Belgium" idxl="-26" /><item id="125541841" status="new" cut="Round" ct="0.3" col="H" cl="SI1" mk="Excellent" lab="IGI" cn="265751122" cp="http://DiamondTransactions.net/icp?di=125541841" ap="1296" tp="388.80" pol="Excellent" sym="Excellent" mes="4.33x4.35x2.61" dp="60" tb="60" cty="Belgium" idxl="-26" /><item id="125541842" status="new" cut="Round" ct="0.48" col="G" cl="VVS1" mk="Very Good" lab="HRD" cn="170002894228" cp="http://DiamondTransactions.net/icp?di=125541842" ap="2263" tp="1086.24" pol="Very Good" sym="Very Good" mes="5.1x5.17x3.05" dp="59.5" tb="63" cty="Belgium" idxl="-25" /><item id="125541843" status="new" cut="Round" ct="0.6" col="G" cl="SI2" mk="Excellent" lab="GIA" cn="2186226179" cp="http://DiamondTransactions.net/icp?di=125541843" ap="1800" tp="1080.00" pol="Excellent" sym="Very Good" mes="5.4x5.45x3.36" dp="62" tb="55" cty="Belgium" idxl="-23" /><item id="125541844" status="new" cut="Round" ct="0.35" col="F" cl="VVS1" mk="Very Good" lab="GIA" cn="13072995" cp="http://DiamondTransactions.net/icp?di=125541844" ap="1768" tp="618.80" pol="Very Good" sym="Excellent" mes="4.54x4.56x2.77" dp="60.9" tb="58" cty="Belgium" idxl="-28" /><item id="125541845" status="new" cut="Round" ct="0.33" col="F" cl="VS1" mk="Very Good" lab="GIA" cn="17058422" cp="http://DiamondTransactions.net/icp?di=125541845" ap="1560" tp="514.80" pol="Very Good" sym="Very Good" mes="4.45x4.47x2.67" dp="59.9" tb="59" cty="Belgium" idxl="-31" /><item id="125541846" status="new" cut="Triangle" ct="2.37" col="D" cl="SI1" lab="HRD" cn="14037009001" cp="http://DiamondTransactions.net/icp?di=125541846" ap="7750" tp="18367.50" pol="Very Good" sym="Very Good" mes="9.21x9.38x3.88" dp="41.4" tb="59" cty="Belgium" idxl="-47" /><item id="125541847" status="new" cut="Round" ct="0.42" col="E" cl="VS1" mk="Excellent" lab="IGI" cn="257730908" cp="http://DiamondTransactions.net/icp?di=125541847" ap="1797" tp="754.74" pol="Very Good" sym="Very Good" mes="4.86x4.92x2.92" dp="59.9" tb="61" cty="Belgium" idxl="-33" /><item id="125541848" status="new" cut="Emerald" ct="1.9" col="D" cl="VS1" lab="GIA" cn="1152146739" cp="http://DiamondTransactions.net/icp?di=125541848" ap="8030" tp="15257.00" pol="Good" sym="Good" mes="7.79x6.99x3.91" dp="55.9" tb="69" cty="Belgium" idxl="-38" /><item id="125541849" status="new" cut="Cushion" ct="2.02" col="G" cl="VVS2" lab="GIA" cn="5101742897" cp="http://DiamondTransactions.net/icp?di=125541849" ap="8370" tp="16907.40" pol="Excellent" sym="Good" mes="8.34x6.61x4.67" dp="70.7" tb="59" cty="Belgium" idxl="-48" /><item id="125541850" status="new" cut="Round" ct="0.4" col="E" cl="VVS1" mk="Excellent" lab="GIA" cn="1245189801" cp="http://DiamondTransactions.net/icp?di=125541850" ap="2170" tp="868.00" pol="Excellent" sym="Very Good" mes="4.7x4.72x2.92" dp="62" tb="55" cty="Belgium" idxl="-26" /><item id="125541851" status="new" cut="Round" ct="0.41" col="H" cl="VS1" mk="Very Good" lab="GIA" cn="2181258089" cp="http://DiamondTransactions.net/icp?di=125541851" ap="1768" tp="724.88" pol="Excellent" sym="Very Good" mes="4.7x4.72x2.97" dp="63" tb="55" cty="Belgium" idxl="-21" /><item id="125541852" status="new" cut="Round" ct="0.62" col="N" cl="VS2" mk="Very Good" lab="GIA" cn="2181257488" cp="http://DiamondTransactions.net/icp?di=125541852" ap="1072" tp="664.64" pol="Excellent" sym="Very Good" mes="5.42x5.48x3.41" dp="62.7" tb="57" fc="Blue" cty="Belgium" idxl="-33" /><item id="125541853" status="new" cut="Round" ct="0.37" col="L" cl="SI1" mk="Very Good" lab="GIA" cn="5182258091" cp="http://DiamondTransactions.net/icp?di=125541853" ap="888" tp="328.56" pol="Excellent" sym="Very Good" mes="4.51x4.54x2.89" dp="63.8" tb="57" cty="Belgium" idxl="-23" /><item id="125541854" status="new" cut="Round" ct="0.32" col="I" cl="VVS2" mk="Very Good" lab="IGI" cn="245631316" cp="http://DiamondTransactions.net/icp?di=125541854" ap="1180" tp="377.60" pol="Very Good" sym="Very Good" mes="4.34x4.41x2.7" dp="61.9" tb="58.5" cty="Belgium" idxl="-38" /><item id="125541855" status="new" cut="Round" ct="0.34" col="I" cl="VVS2" mk="Very Good" lab="IGI" cn="245631317" cp="http://DiamondTransactions.net/icp?di=125541855" ap="1180" tp="401.20" pol="Very Good" sym="Very Good" mes="4.33x4.36x2.82" dp="64.9" tb="61.5" cty="Belgium" idxl="-38" /><item id="125541856" status="new" cut="Round" ct="0.3" col="H" cl="VVS2" mk="Excellent" lab="IGI" cn="245631335" cp="http://DiamondTransactions.net/icp?di=125541856" ap="1408" tp="422.40" pol="Very Good" sym="Very Good" mes="4.29x4.32x2.71" dp="62.9" tb="55.5" cty="Belgium" idxl="-33" /><item id="125541857" status="new" cut="Round" ct="0.42" col="G" cl="VS1" mk="Excellent" lab="GIA" cn="6231787502" cp="http://DiamondTransactions.net/icp?di=125541857" ap="1971" tp="827.82" pol="Excellent" sym="Excellent" mes="4.79x4.81x3" dp="62.5" tb="55" cty="Belgium" idxl="-18" /><item id="125541858" status="new" cut="Round" ct="0.74" col="L" cl="SI1" mk="Very Good" lab="HRD" cn="170002991319" cp="http://DiamondTransactions.net/icp?di=125541858" ap="1113" tp="823.62" pol="Very Good" sym="Very Good" mes="5.84x5.91x3.49" dp="59.4" tb="64" cty="Belgium" idxl="-43" /><item id="125541859" status="new" cut="Marquise" ct="1.14" col="K" cl="VVS2" lab="HRD" cn="170002983478" cp="http://DiamondTransactions.net/icp?di=125541859" ap="2100" tp="2394.00" pol="Very Good" sym="Good" mes="9.2x5.03x3.07" dp="61" tb="51" cty="Belgium" idxl="-43" /><item id="125541860" status="new" cut="Round" ct="0.46" col="G" cl="SI2" mk="Very Good" lab="IGI" cn="245631270" cp="http://DiamondTransactions.net/icp?di=125541860" ap="1340" tp="616.40" pol="Excellent" sym="Very Good" mes="4.91x4.94x3.06" dp="62.2" tb="57" cty="Belgium" idxl="-35" /><item id="125541861" status="new" cut="Round" ct="0.46" col="K" cl="SI1" mk="Excellent" lab="IGI" cn="245631275" cp="http://DiamondTransactions.net/icp?di=125541861" ap="1185" tp="545.10" pol="Excellent" sym="Very Good" mes="4.95x4.98x2.95" dp="59.4" tb="61" cty="Belgium" idxl="-24" /><item id="125541862" status="new" cut="Round" ct="0.48" col="L" cl="SI2" mk="Excellent" lab="IGI" cn="245631294" cp="http://DiamondTransactions.net/icp?di=125541862" ap="828" tp="397.44" pol="Very Good" sym="Very Good" mes="5.06x5.09x3.08" dp="60.7" tb="56.5" cty="Belgium" idxl="-36" /><item id="125541863" status="new" cut="Round" ct="0.47" col="H" cl="I1" mk="Very Good" lab="IGI" cn="245631304" cp="http://DiamondTransactions.net/icp?di=125541863" ap="1008" tp="473.76" pol="Very Good" sym="Good" mes="5.08x5.11x2.97" dp="58.3" tb="63" cty="Belgium" idxl="-28" /><item id="125541864" status="new" cut="Round" ct="0.31" col="H" cl="VVS2" mk="Good" lab="IGI" cn="245631315" cp="http://DiamondTransactions.net/icp?di=125541864" ap="1320" tp="409.20" pol="Very Good" sym="Good" mes="4.16x4.2x2.72" dp="65.2" tb="57" cty="Belgium" idxl="-37" /><item id="125541865" status="new" cut="Round" ct="0.4" col="H" cl="SI1" mk="Good" lab="IGI" cn="245631319" cp="http://DiamondTransactions.net/icp?di=125541865" ap="1297" tp="518.80" pol="Very Good" sym="Good" mes="4.53x4.61x3" dp="65.4" tb="56" cty="Belgium" idxl="-33" /><item id="125541866" status="new" cut="Round" ct="0.3" col="G" cl="I1" mk="Very Good" lab="IGI" cn="245631322" cp="http://DiamondTransactions.net/icp?di=125541866" ap="744" tp="223.20" pol="Good" sym="Good" mes="4.13x4.19x2.71" dp="65.5" tb="58.5" cty="Belgium" idxl="-35" /><item id="125541867" status="new" cut="Round" ct="0.4" col="G" cl="VS2" mk="Very Good" lab="IGI" cn="245631325" cp="http://DiamondTransactions.net/icp?di=125541867" ap="1701" tp="680.40" pol="Very Good" sym="Very Good" mes="4.54x4.61x2.96" dp="64.5" tb="58" cty="Belgium" idxl="-26" /><item id="125541868" status="new" cut="Round" ct="0.4" col="H" cl="VS2" mk="Good" lab="IGI" cn="245631328" cp="http://DiamondTransactions.net/icp?di=125541868" ap="1488" tp="595.20" pol="Very Good" sym="Good" mes="4.54x4.58x3" dp="65.9" tb="58" cty="Belgium" idxl="-29" /><item id="125541869" status="new" cut="Round" ct="0.41" col="E" cl="SI1" mk="Very Good" lab="IGI" cn="245631331" cp="http://DiamondTransactions.net/icp?di=125541869" ap="1450" tp="594.50" pol="Good" sym="Good" mes="4.73x4.78x2.96" dp="62.3" tb="61.5" cty="Belgium" idxl="-38" /><item id="125541870" status="new" cut="Round" ct="0.3" col="E" cl="SI1" mk="Very Good" lab="IGI" cn="245631332" cp="http://DiamondTransactions.net/icp?di=125541870" ap="1298" tp="389.40" pol="Good" sym="Good" mes="4.24x4.33x2.63" dp="61.7" tb="61.5" cty="Belgium" idxl="-37" /><item id="125541871" status="new" cut="Round" ct="0.34" col="I" cl="VVS2" mk="Very Good" lab="IGI" cn="245631336" cp="http://DiamondTransactions.net/icp?di=125541871" ap="1180" tp="401.20" pol="Excellent" sym="Very Good" mes="4.32x4.36x2.81" dp="64.9" tb="60" cty="Belgium" idxl="-38" /><item id="125541872" status="new" cut="Round" ct="0.3" col="F" cl="VVS2" mk="Very Good" lab="IGI" cn="245631352" cp="http://DiamondTransactions.net/icp?di=125541872" ap="1550" tp="465.00" pol="Very Good" sym="Good" mes="4.16x4.2x2.63" dp="62.9" tb="59" cty="Belgium" idxl="-33" /><item id="125541873" status="new" cut="Round" ct="0.32" col="G" cl="VVS2" mk="Excellent" lab="IGI" cn="245631353" cp="http://DiamondTransactions.net/icp?di=125541873" ap="1512" tp="483.84" pol="Very Good" sym="Very Good" mes="4.38x4.4x2.74" dp="62.4" tb="56" cty="Belgium" idxl="-33" /><item id="125541874" status="new" cut="Round" ct="0.44" col="G" cl="VS2" mk="Excellent" lab="GIA" cn="16618423" cp="http://DiamondTransactions.net/icp?di=125541874" ap="1808" tp="795.52" pol="Excellent" sym="Very Good" mes="4.85x4.91x3.03" dp="62.1" tb="54" cty="Belgium" idxl="-21" /><item id="125541875" status="new" cut="Round" ct="0.46" col="F" cl="VS1" mk="Very Good" lab="GIA" cn="5182738214" cp="http://DiamondTransactions.net/icp?di=125541875" ap="2099" tp="965.54" pol="Very Good" sym="Very Good" mes="4.88x4.94x3.06" dp="62.4" tb="59" fc="Blue" cty="Belgium" idxl="-24" /><item id="125541876" status="new" cut="Round" ct="0.43" col="G" cl="VVS2" mk="Very Good" lab="GIA" cn="17076628" cp="http://DiamondTransactions.net/icp?di=125541876" ap="1800" tp="774.00" pol="Very Good" sym="Very Good" mes="4.95x4.99x2.9" dp="58.3" tb="62" cty="Belgium" idxl="-27" /><item id="125541877" status="new" cut="Round" ct="0.43" col="G" cl="VS2" mk="Excellent" lab="GIA" cn="16558854" cp="http://DiamondTransactions.net/icp?di=125541877" ap="1808" tp="777.44" pol="Very Good" sym="Excellent" mes="4.84x4.87x3.01" dp="62" tb="55" cty="Belgium" idxl="-21" /><item id="125541878" status="new" cut="Round" ct="0.46" col="F" cl="VS1" mk="Very Good" lab="GIA" cn="16450267" cp="http://DiamondTransactions.net/icp?di=125541878" ap="2030" tp="933.80" pol="Good" sym="Very Good" mes="4.95x4.97x3.04" dp="61.3" tb="59" cty="Belgium" idxl="-26" /><item id="125541879" status="new" cut="Round" ct="0.41" col="E" cl="VS1" mk="Good" lab="GIA" cn="2185738220" cp="http://DiamondTransactions.net/icp?di=125541879" ap="1704" tp="698.64" pol="Very Good" sym="Very Good" mes="4.68x4.73x2.99" dp="63.5" tb="61" cty="Belgium" idxl="-37" /><item id="125541880" status="new" cut="Round" ct="0.44" col="D" cl="VS1" mk="Very Good" lab="GIA" cn="2181738216" cp="http://DiamondTransactions.net/icp?di=125541880" ap="1815" tp="798.60" pol="Excellent" sym="Very Good" mes="4.94x4.96x2.96" dp="59.9" tb="61" fc="Blue" cty="Belgium" idxl="-40" /><item id="125541881" status="new" cut="Round" ct="0.44" col="D" cl="VS1" mk="Very Good" lab="GIA" cn="2185738218" cp="http://DiamondTransactions.net/icp?di=125541881" ap="1749" tp="769.56" pol="Very Good" sym="Good" mes="4.87x4.89x3" dp="61.5" tb="57" cty="Belgium" idxl="-42" /><item id="125541882" status="new" cut="Round" ct="1.85" col="TTLB" cty="Belgium" /><item id="125541883" status="new" cut="Round" ct="1.44" col="LC" cty="Belgium" /><item id="125541884" status="new" cut="Round" ct="3" col="H" cl="SI1" mk="Very Good" lab="HRD" cn="16029386001" cp="http://DiamondTransactions.net/icp?di=125541884" ap="9280" tp="27840.00" pol="Very Good" sym="Very Good" mes="9.24x9.3x5.65" dp="60.9" tb="63" cty="Belgium" idxl="-35" /><item id="125541885" status="new" cut="Round" ct="3.03" col="G" cl="SI1" mk="Very Good" lab="HRD" cn="17309187001" cp="http://DiamondTransactions.net/icp?di=125541885" ap="11050" tp="33481.50" pol="Excellent" sym="Excellent" mes="9.53x9.58x5.57" dp="58.3" tb="63" cty="Belgium" idxl="-38" /><item id="125541886" status="new" cut="Round" ct="1.8" col="F" cl="SI2" mk="Excellent" lab="GIA" cn="5256390890" cp="http://DiamondTransactions.net/icp?di=125541886" ap="6560" tp="11808.00" pol="Excellent" sym="Excellent" mes="7.84x7.88x4.81" dp="61.2" tb="59" cty="Belgium" idxl="-17" /><item id="125541887" status="new" cut="Round" ct="2.05" col="K" cl="SI2" mk="Excellent" lab="GIA" cn="1172076851" cp="http://DiamondTransactions.net/icp?di=125541887" ap="3600" tp="7380.00" pol="Very Good" sym="Excellent" mes="8.19x8.24x5.01" dp="61" tb="56" cty="Belgium" idxl="-40" /><item id="125541888" status="new" cut="Round" ct="3.07" col="M" cl="VVS2" mk="Excellent" lab="HRD" cn="16035932002" cp="http://DiamondTransactions.net/icp?di=125541888" ap="4590" tp="14091.30" pol="Very Good" sym="Excellent" mes="9.55x9.58x5.65" dp="59.1" tb="61" cty="Belgium" idxl="-45" /><item id="125541889" status="new" cut="Round" ct="2.42" col="L" cl="VVS1" mk="Very Good" lab="HRD" cn="11011540001" cp="http://DiamondTransactions.net/icp?di=125541889" ap="4500" tp="10890.00" pol="Very Good" sym="Very Good" mes="8.89x8.95x5.02" dp="56.3" tb="65" cty="Belgium" idxl="-39" /><item id="125541890" status="new" cut="Round" ct="2.37" col="H" cl="SI1" mk="Excellent" lab="GIA" cn="7203422032" cp="http://DiamondTransactions.net/icp?di=125541890" ap="8030" tp="19031.10" pol="Excellent" sym="Excellent" mes="8.52x8.56x5.24" dp="61.3" tb="61" cty="Belgium" idxl="-30" /><item id="125541891" status="new" cut="Round" ct="3.06" col="K" cl="VVS2" mk="Very Good" lab="HRD" cn="14003478001" cp="http://DiamondTransactions.net/icp?di=125541891" ap="6480" tp="19828.80" pol="Excellent" sym="Very Good" mes="9.2x9.23x5.87" dp="63.7" tb="54" cty="Belgium" idxl="-49" /><item id="125541892" status="new" cut="Round" ct="4.5" col="J" cl="I1" mk="Excellent" lab="HRD" cn="15028328001" cp="http://DiamondTransactions.net/icp?di=125541892" ap="4455" tp="20047.50" pol="Excellent" sym="Very Good" mes="10.49x10.52x6.61" dp="62.9" tb="56" cty="Belgium" idxl="-23" /><item id="125541893" status="new" cut="Pear" ct="1.01" col="D" cl="IF" lab="GIA" cn="2141551552" cp="http://DiamondTransactions.net/icp?di=125541893" ap="7285" tp="7357.85" mes="8.36x5.8x3.58" dp="61.7" tb="57" gd=" / Slightly Thick" cty="Belgium" idxl="-57" /><item id="125541894" status="new" cut="Pear" ct="1.01" col="E" cl="VVS1" lab="GIA" cn="5136415311" cp="http://DiamondTransactions.net/icp?di=125541894" ap="5800" tp="5858.00" mes="8.3x5.77x3.47" dp="60.1" tb="57" gd=" / Very Thick" cty="Belgium" idxl="-50" /><item id="125541895" status="new" cut="Pear" ct="1.09" col="F" cl="VVS1" lab="GIA" cn="5146169116" cp="http://DiamondTransactions.net/icp?di=125541895" ap="5440" tp="5929.60" mes="8.38x5.82x3.66" dp="62.8" tb="60" gd=" / Slightly Thick" cty="Belgium" idxl="-44" /><item id="125541896" status="new" cut="Pear" ct="1.12" col="D" cl="IF" lab="GIA" cn="2146212681" cp="http://DiamondTransactions.net/icp?di=125541896" ap="7750" tp="8680.00" mes="8.84x5.76x3.57" dp="62" tb="58" gd=" / Very Thick" cty="Belgium" idxl="-54" /><item id="125541897" status="new" cut="Pear" ct="0.5" col="D" cl="VS1" lab="GIA" cn="2146962364" cp="http://DiamondTransactions.net/icp?di=125541897" ap="1890" tp="945.00" mes="6.48x4.41x2.73" dp="61.8" tb="54" gd=" / Extremely Thick" cty="Belgium" idxl="-56" /><item id="125541898" status="new" cut="Cushion" ct="0.91" col="D" cl="IF" lab="GIA" cn="1149794175" cp="http://DiamondTransactions.net/icp?di=125541898" ap="5700" tp="5187.00" mes="5.55x5.52x3.79" dp="68.7" tb="60" gd=" / Very Thick" cty="Belgium" idxl="-50" /><item id="125541899" status="new" cut="Cushion" ct="0.6" col="D" cl="IF" lab="GIA" cn="2146858138" cp="http://DiamondTransactions.net/icp?di=125541899" ap="2576" tp="1545.60" mes="5.06x4.55x3.11" dp="68.4" tb="62" gd=" / Thick" cty="Belgium" idxl="-62" /><item id="125541900" status="new" cut="Pear" ct="1" col="F" cl="SI1" lab="GIA" cn="2156667935" cp="http://DiamondTransactions.net/icp?di=125541900" ap="3111" tp="3111.00" mes="8.37x5.6x3.49" dp="62.4" tb="56" gd=" / Very Thick" cty="Belgium" idxl="-56" /><item id="125541901" status="new" cut="Heart" ct="1.52" col="H" cl="SI1" lab="GIA" cn="2111663797" cp="http://DiamondTransactions.net/icp?di=125541901" ap="4012" tp="6098.24" mes="7.57x7.55x4.51" dp="59.7" tb="60" gd=" / Slightly Thick" cty="Belgium" idxl="-49" /><item id="125541902" status="new" cut="Square" ct="1.6" col="J" cl="VS1" lab="HRD" cn="14018199001" cp="http://DiamondTransactions.net/icp?di=125541902" ap="3700" tp="5920.00" mes="6.32x6.45x4.73" dp="74.8" tb="77" cr="8.5" pv="61" gd=" / Medium" cc="Pointed" cty="Belgium" idxl="-38" /><item id="125541903" status="new" cut="Square" ct="3.02" col="G" cl="VVS1" lab="HRD" cn="14028852003" cp="http://DiamondTransactions.net/icp?di=125541903" ap="13780" tp="41615.60" mes="7.77x7.76x5.8" dp="74.7" tb="73" cr="10.5" pv="58" gd=" / Very Thick" cc="Pointed" cty="Belgium" idxl="-48" /><item id="125541904" status="new" cut="Square" ct="1.2" col="F" cl="VVS1" lab="GIA" cn="2186245093" cp="http://DiamondTransactions.net/icp?di=125541904" ap="4930" tp="5916.00" mes="5.88x5.8x3.93" dp="67.8" tb="64" gd=" / Thick" cty="Belgium" idxl="-49" /><item id="125541905" status="new" cut="Square" ct="0.7" col="E" cl="VVS1" lab="GIA" cn="6202248754" cp="http://DiamondTransactions.net/icp?di=125541905" ap="2793" tp="1955.10" mes="5.02x4.93x3.41" dp="69.1" tb="71" gd=" / Thick" cty="Belgium" idxl="-51" /><item id="125541906" status="new" cut="Square" ct="0.66" col="J" cl="VVS2" lab="GIA" cn="5186586685" cp="http://DiamondTransactions.net/icp?di=125541906" ap="1340" tp="884.40" mes="4.9x4.83x3.45" dp="71.4" tb="72" gd=" / Thick" cty="Belgium" idxl="-43" /><item id="125541907" status="new" cut="Square" ct="0.7" col="D" cl="VVS2" lab="GIA" cn="5196339270" cp="http://DiamondTransactions.net/icp?di=125541907" ap="2695" tp="1886.50" mes="5.12x4.93x3.46" dp="70.2" tb="74" gd=" / Thick" cty="Belgium" idxl="-52" /><item id="125541908" status="new" cut="Square" ct="0.71" col="D" cl="VVS2" lab="GIA" cn="6202608113" cp="http://DiamondTransactions.net/icp?di=125541908" ap="2695" tp="1913.45" mes="4.88x4.71x3.5" dp="74.3" tb="69" gd=" / Slightly Thick" cty="Belgium" idxl="-52" /><item id="125541909" status="new" cut="Pear" ct="1.01" col="F" cl="VVS2" lab="GIA" cn="7216545913" cp="http://DiamondTransactions.net/icp?di=125541909" ap="5175" tp="5226.75" mes="7.98x5.69x3.69" dp="64.8" tb="57" gd=" / Thick" cty="Belgium" idxl="-40" /><item id="125541910" status="new" cut="Pear" ct="1.02" col="G" cl="I1" lab="IGI" cn="181516698" cp="http://DiamondTransactions.net/icp?di=125541910" ap="1320" tp="1346.40" mes="5.81x8.39x3.43" tb="68" cr="14.5" pv="41.5" gd=" / Slightly Thick" cty="Belgium" idxl="-59" /><item id="125541911" status="new" cut="Pear" ct="1.03" col="F" cl="I1" lab="IGI" cn="162587135" cp="http://DiamondTransactions.net/icp?di=125541911" ap="1568" tp="1615.04" mes="6.05x8.8x3.33" tb="72.5" cr="9.5" pv="43.5" gd=" / Thick" cty="Belgium" idxl="-55" /><item id="125541912" status="new" cut="Pear" ct="0.4" col="E" cl="VS1" lab="GIA" cn="6222326508" cp="http://DiamondTransactions.net/icp?di=125541912" ap="2470" tp="988.00" mes="6.26x4.22x2.51" dp="59.3" tb="61" gd=" / Thick" cty="Belgium" idxl="-15" /><item id="125541913" status="new" cut="Pear" ct="0.42" col="E" cl="VVS2" lab="GIA" cn="6225326470" cp="http://DiamondTransactions.net/icp?di=125541913" ap="2480" tp="1041.60" mes="6.3x4.26x2.68" dp="62.9" tb="57" gd=" / Thick" cty="Belgium" idxl="-22" /><item id="125541914" status="new" cut="Pear" ct="0.4" col="D" cl="VS1" lab="GIA" cn="2227326505" cp="http://DiamondTransactions.net/icp?di=125541914" ap="2485" tp="994.00" mes="6.24x4.21x2.62" dp="62.4" tb="58" gd=" / Very Thick" cty="Belgium" idxl="-19" /><item id="125541915" status="new" cut="Pear" ct="0.4" col="F" cl="VS1" lab="GIA" cn="1223326015" cp="http://DiamondTransactions.net/icp?di=125541915" ap="2465" tp="986.00" mes="6.27x4.25x2.6" dp="61.2" tb="58" gd=" / Thick" cty="Belgium" idxl="-5" /><item id="125541916" status="new" cut="Pear" ct="0.4" col="E" cl="VVS1" lab="GIA" cn="1225325936" cp="http://DiamondTransactions.net/icp?di=125541916" ap="2495" tp="998.00" mes="6.26x4.21x2.64" dp="62.5" tb="58" gd=" / Thick" cty="Belgium" idxl="-28" /><item id="125541917" status="new" cut="Pear" ct="0.41" col="F" cl="VS1" lab="GIA" cn="2224325900" cp="http://DiamondTransactions.net/icp?di=125541917" ap="2465" tp="1010.65" mes="6.34x4.25x2.6" dp="61.2" tb="61" gd=" / Thick" cty="Belgium" idxl="-5" /><item id="125541918" status="new" cut="Pear" ct="0.42" col="F" cl="VVS1" lab="GIA" cn="6225326022" cp="http://DiamondTransactions.net/icp?di=125541918" ap="2480" tp="1041.60" mes="6.23x4.18x2.65" dp="63.4" tb="57" gd=" / Very Thick" cty="Belgium" idxl="-19" /><item id="125541919" status="new" cut="Pear" ct="0.41" col="E" cl="VS1" lab="GIA" cn="6221326162" cp="http://DiamondTransactions.net/icp?di=125541919" ap="2470" tp="1012.70" mes="6.49x4.26x2.5" dp="58.7" tb="56" gd=" / Very Thick" cty="Belgium" idxl="-15" /><item id="125541920" status="new" cut="Pear" ct="0.4" col="F" cl="VVS2" lab="GIA" cn="5226326206" cp="http://DiamondTransactions.net/icp?di=125541920" ap="2470" tp="988.00" mes="6.07x4.09x2.58" dp="63.2" tb="59" gd=" / Very Thick" cty="Belgium" idxl="-10" /><item id="125541921" status="new" cut="Pear" ct="0.41" col="F" cl="VVS2" lab="GIA" cn="1228326564" cp="http://DiamondTransactions.net/icp?di=125541921" ap="2470" tp="1012.70" mes="6.28x4.23x2.61" dp="61.8" tb="61" gd=" / Thick" cty="Belgium" idxl="-10" /><item id="125541922" status="new" cut="Pear" ct="0.4" col="F" cl="VVS1" lab="GIA" cn="3225326105" cp="http://DiamondTransactions.net/icp?di=125541922" ap="2480" tp="992.00" mes="6.22x4.2x2.57" dp="61.1" tb="58" gd=" / Very Thick" cty="Belgium" idxl="-19" /><item id="125541923" status="new" cut="Pear" ct="0.42" col="F" cl="VVS1" lab="GIA" cn="6222401158" cp="http://DiamondTransactions.net/icp?di=125541923" ap="2480" tp="1041.60" mes="6.38x4.3x2.63" dp="61.2" tb="60" gd=" / Slightly Thick" cty="Belgium" idxl="-19" /><item id="125541924" status="new" cut="Pear" ct="0.42" col="E" cl="VVS1" lab="GIA" cn="2227401144" cp="http://DiamondTransactions.net/icp?di=125541924" ap="2495" tp="1047.90" mes="6.49x4.27x2.56" dp="59.9" tb="57" gd=" / Slightly Thick" cty="Belgium" idxl="-28" /><item id="125541925" status="new" cut="Pear" ct="1.02" col="D" cl="VVS1" lab="GIA" cn="7233175580" cp="http://DiamondTransactions.net/icp?di=125541925" ap="10950" tp="11169.00" mes="8.97x5.58x3.42" dp="61.2" tb="62" gd=" / Very Thick" cty="Belgium" idxl="-21" /><item id="125541926" status="new" cut="Pear" ct="1.01" col="F" cl="VVS1" lab="GIA" cn="6173721309" cp="http://DiamondTransactions.net/icp?di=125541926" ap="7752" tp="7829.52" mes="8.6x5.67x3.52" dp="62.1" tb="59" gd=" / Thick" cty="Belgium" idxl="-20" /><item id="125541927" status="new" cut="Cushion" ct="1.01" col="E" cl="VVS1" lab="GIA" cn="1189381738" cp="http://DiamondTransactions.net/icp?di=125541927" ap="4900" tp="4949.00" mes="5.73x5.65x3.83" dp="67.8" tb="62" gd=" / Very Thick" cty="Belgium" idxl="-57" /><item id="125541928" status="new" cut="Pear" ct="1.09" col="D" cl="VS1" lab="GIA" cn="1149714730" cp="http://DiamondTransactions.net/icp?di=125541928" ap="6800" tp="7412.00" mes="8.75x5.82x3.66" dp="62.9" tb="58" gd=" / Very Thick" cty="Belgium" idxl="-28" /><item id="125541929" status="new" cut="Pear" ct="1.01" col="F" cl="VS1" lab="IGI" cn="F4B99393" cp="http://DiamondTransactions.net/icp?di=125541929" ap="3570" tp="3605.70" mes="5.38x8.3x3.51" tb="56.5" cr="15.5" pv="45" gd=" / Slightly Thick" cc="Pointed" cty="Belgium" idxl="-57" /><item id="125541930" status="new" cut="Pear" ct="0.81" col="E" cl="VS1" lab="GIA" cn="1217866961" cp="http://DiamondTransactions.net/icp?di=125541930" ap="3290" tp="2664.90" mes="8.1x5.22x3.3" dp="63.3" tb="60" gd=" / Very Thick" cty="Belgium" idxl="-37" /><item id="125541931" status="new" cut="Pear" ct="1.05" col="J" cl="VS2" lab="GIA" cn="1182775440" cp="http://DiamondTransactions.net/icp?di=125541931" ap="2495" tp="2619.75" mes="8.25x6.27x3.63" dp="57.8" tb="59" gd=" / Slightly Thick" fc="Blue" cty="Belgium" idxl="-43" /><item id="125541932" status="new" cut="Square" ct="1.08" col="E" cl="SI1" lab="GIA" cn="5181775508" cp="http://DiamondTransactions.net/icp?di=125541932" ap="4226" tp="4564.08" mes="5.47x4.72x4.49" dp="95" tb="64" gd=" / Extremely Thick" cty="Belgium" idxl="-40" /><item id="125541933" status="new" cut="Pear" ct="0.7" col="E" cl="VS1" lab="GIA" cn="7236893615" cp="http://DiamondTransactions.net/icp?di=125541933" ap="3394" tp="2375.80" mes="7.49x4.94x3.15" dp="63.8" tb="58" gd=" / Very Thick" cty="Belgium" idxl="-31" /><item id="125541934" status="new" cut="Pear" ct="0.7" col="F" cl="VS1" lab="GIA" cn="6232360194" cp="http://DiamondTransactions.net/icp?di=125541934" ap="2961" tp="2072.70" mes="7.4x4.93x3.08" dp="62.5" tb="61" gd=" / Extremely Thick" cty="Belgium" idxl="-38" /><item id="125541935" status="new" cut="Pear" ct="0.54" col="E" cl="IF" lab="GIA" cn="2247323765" cp="http://DiamondTransactions.net/icp?di=125541935" ap="2777" tp="1499.58" mes="6.92x4.61x2.8" dp="60.7" tb="58" gd=" / Very Thick" cty="Belgium" idxl="-48" /><item id="125541936" status="new" cut="Pear" ct="0.56" col="E" cl="IF" lab="GIA" cn="6231479162" cp="http://DiamondTransactions.net/icp?di=125541936" ap="2824" tp="1581.44" mes="6.94x4.62x2.92" dp="63.1" tb="58" gd=" / Thick" cty="Belgium" idxl="-47" /><item id="125541937" status="new" cut="Pear" ct="0.5" col="F" cl="VS2" lab="GIA" cn="5256310697" cp="http://DiamondTransactions.net/icp?di=125541937" ap="1813" tp="906.50" mes="6.86x4.5x2.8" dp="62.3" tb="58" gd=" / Very Thick" cty="Belgium" idxl="-47" /><item id="125541938" status="new" cut="Pear" ct="0.55" col="D" cl="VVS1" lab="GIA" cn="6252285294" cp="http://DiamondTransactions.net/icp?di=125541938" ap="2564" tp="1410.20" mes="7x4.68x2.9" dp="61.9" tb="58" gd=" / Thick" cty="Belgium" idxl="-55" /><item id="125541939" status="new" cut="Pear" ct="0.7" col="F" cl="VS2" lab="GIA" cn="1257125405" cp="http://DiamondTransactions.net/icp?di=125541939" ap="3090" tp="2163.00" mes="7.64x5.04x3.12" dp="61.8" tb="58" gd=" / Thick" cty="Belgium" idxl="-34" /><item id="125541940" status="new" cut="Pear" ct="0.5" col="D" cl="IF" lab="GIA" cn="6252226841" cp="http://DiamondTransactions.net/icp?di=125541940" ap="2920" tp="1460.00" mes="7x4.51x2.64" dp="58.6" tb="62" gd=" / Thick" cty="Belgium" idxl="-57" /><item id="125541941" status="new" cut="Pear" ct="0.54" col="D" cl="IF" lab="GIA" cn="7238964454" cp="http://DiamondTransactions.net/icp?di=125541941" ap="2632" tp="1421.28" mes="6.91x4.56x2.84" dp="62.1" tb="61" gd=" / Very Thick" cty="Belgium" idxl="-61" /><item id="125541942" status="new" cut="Pear" ct="0.7" col="E" cl="VS1" lab="GIA" cn="6201148617" cp="http://DiamondTransactions.net/icp?di=125541942" ap="2961" tp="2072.70" mes="7.21x5x3.19" dp="63.8" tb="59" gd=" / Thick" cty="Belgium" idxl="-40" /><item id="125541943" status="new" cut="Pear" ct="0.7" col="E" cl="VVS1" lab="GIA" cn="6205291921" cp="http://DiamondTransactions.net/icp?di=125541943" ap="3332" tp="2332.40" mes="7.12x5.07x3.16" dp="62.3" tb="59" gd=" / Very Thick" cty="Belgium" idxl="-41" /><item id="125541944" status="new" cut="Pear" ct="0.7" col="E" cl="VVS2" lab="GIA" cn="1218391604" cp="http://DiamondTransactions.net/icp?di=125541944" ap="2976" tp="2083.20" mes="7.09x5.05x3.26" dp="64.6" tb="56" gd=" / Very Thick" cty="Belgium" idxl="-42" /><item id="125541945" status="new" cut="Cushion" ct="1.01" col="E" cl="VS1" lab="GIA" cn="1229511534" cp="http://DiamondTransactions.net/icp?di=125541945" ap="4856" tp="4904.56" mes="5.78x5.67x3.92" dp="69.1" tb="65" gd=" / Thick" cty="Belgium" idxl="-44" /><item id="125541946" status="new" cut="Pear" ct="0.7" col="F" cl="VS2" lab="GIA" cn="2266003875" cp="http://DiamondTransactions.net/icp?di=125541946" ap="3360" tp="2352.00" mes="7.55x5.01x3.02" dp="60.2" tb="59" gd=" / Extremely Thick" cty="Belgium" idxl="-29" /><item id="125541947" status="new" cut="Pear" ct="0.71" col="D" cl="VS2" lab="GIA" cn="1258795471" cp="http://DiamondTransactions.net/icp?di=125541947" ap="3680" tp="2612.80" mes="7.45x5x3.08" dp="61.7" tb="58" gd=" / Extremely Thick" cty="Belgium" idxl="-27" /><item id="125541948" status="new" cut="Pear" ct="0.52" col="E" cl="VVS1" lab="GIA" cn="6265348856" cp="http://DiamondTransactions.net/icp?di=125541948" ap="2959" tp="1538.68" mes="6.82x4.6x2.75" dp="59.9" tb="59" gd=" / Thick" cty="Belgium" idxl="-40" /><item id="125541949" status="new" cut="Pear" ct="1.01" col="D" cl="VVS1" lab="GIA" cn="6265520559" cp="http://DiamondTransactions.net/icp?di=125541949" ap="7938" tp="8017.38" mes="8.46x5.55x3.5" dp="63.1" tb="62" gd=" / Very Thick" cty="Belgium" idxl="-43" /><item id="125541950" status="new" cut="Pear" ct="0.51" col="E" cl="VS2" lab="GIA" cn="2236941875" cp="http://DiamondTransactions.net/icp?di=125541950" ap="2320" tp="1183.20" mes="6.84x4.5x2.73" dp="60.6" tb="58" gd=" / Very Thick" cty="Belgium" idxl="-36" /><item id="125541951" status="new" cut="Pear" ct="0.5" col="D" cl="VVS2" lab="GIA" cn="7262569909" cp="http://DiamondTransactions.net/icp?di=125541951" ap="2878" tp="1439.00" mes="6.99x4.5x2.66" dp="59.2" tb="59" gd=" / Thick" cty="Belgium" idxl="-38" /><item id="125541952" status="new" cut="Pear" ct="0.4" col="E" cl="VS1" lab="GIA" cn="2224401142" cp="http://DiamondTransactions.net/icp?di=125541952" ap="1680" tp="672.00" mes="6.29x4.11x2.58" dp="62.8" tb="57" gd=" / Very Thick" cty="Belgium" idxl="-42" /><item id="125541953" status="new" cut="Pear" ct="0.7" col="F" cl="VS1" lab="GIA" cn="7206545865" cp="http://DiamondTransactions.net/icp?di=125541953" ap="3443" tp="2410.10" mes="7.51x5x3.19" dp="63.8" tb="61" gd=" / Thick" cty="Belgium" idxl="-28" /><item id="125541954" status="new" cut="Pear" ct="0.77" col="E" cl="VVS2" lab="GIA" cn="5216586797" cp="http://DiamondTransactions.net/icp?di=125541954" ap="3672" tp="2827.44" mes="7.67x5.16x3.2" dp="62" tb="61" gd=" / Slightly Thick" cty="Belgium" idxl="-29" /><item id="125541621" status="deleted" /><item id="125541564" status="deleted" /><item id="125541707" status="deleted" /><item id="125541687" status="deleted" /><item id="125540997" status="deleted" /><item id="125541604" status="deleted" /><item id="125541003" status="deleted" /><item id="125540995" status="deleted" /><item id="125541579" status="deleted" /><item id="125541722" status="deleted" /><item id="125541556" status="deleted" /><item id="125541699" status="deleted" /><item id="125540952" status="deleted" /><item id="125540972" status="deleted" /><item id="125541588" status="deleted" /><item id="125541628" status="deleted" /><item id="125541688" status="deleted" /><item id="125541665" status="deleted" /><item id="125541637" status="deleted" /><item id="125540970" status="deleted" /><item id="125541571" status="deleted" /><item id="125541714" status="deleted" /><item id="125541631" status="deleted" /><item id="125540987" status="deleted" /><item id="125541603" status="deleted" /><item id="125541019" status="deleted" /><item id="125540993" status="deleted" /><item id="125541597" status="deleted" /><item id="125541706" status="deleted" /><item id="125541606" status="deleted" /><item id="125541715" status="deleted" /><item id="125541672" status="deleted" /><item id="125541589" status="deleted" /><item id="125541002" status="deleted" /><item id="125541595" status="deleted" /><item id="125541011" status="deleted" /><item id="125541695" status="deleted" /><item id="125541612" status="deleted" /><item id="125541721" status="deleted" /><item id="125540994" status="deleted" /><item id="125541638" status="deleted" /><item id="125541684" status="deleted" /><item id="125541627" status="deleted" /><item id="125541661" status="deleted" /><item id="125541017" status="deleted" /><item id="125541633" status="deleted" /><item id="125541650" status="deleted" /><item id="125541593" status="deleted" /><item id="125540983" status="deleted" /><item id="125540992" status="deleted" /><item id="125541576" status="deleted" /><item id="125541616" status="deleted" /><item id="125541708" status="deleted" /><item id="125540958" status="deleted" /><item id="125541602" status="deleted" /><item id="125541685" status="deleted" /><item id="125541691" status="deleted" /><item id="125541001" status="deleted" /><item id="125540998" status="deleted" /><item id="125541585" status="deleted" /><item id="125541674" status="deleted" /><item id="125541007" status="deleted" /><item id="125541591" status="deleted" /><item id="125541568" status="deleted" /><item id="125541677" status="deleted" /><item id="125541634" status="deleted" /><item id="125540990" status="deleted" /><item id="125541694" status="deleted" /><item id="125540976" status="deleted" /><item id="125541686" status="deleted" /><item id="125541617" status="deleted" /><item id="125541700" status="deleted" /><item id="125541703" status="deleted" /><item id="125541560" status="deleted" /><item id="125540956" status="deleted" /><item id="125541652" status="deleted" /><item id="125540982" status="deleted" /><item id="125540974" status="deleted" /><item id="125540948" status="deleted" /><item id="125541675" status="deleted" /><item id="125541667" status="deleted" /><item id="125541558" status="deleted" /><item id="125541584" status="deleted" /><item id="125541710" status="deleted" /><item id="125541641" status="deleted" /><item id="125540957" status="deleted" /><item id="125541006" status="deleted" /><item id="125541716" status="deleted" /><item id="125541693" status="deleted" /><item id="125541567" status="deleted" /><item id="125541676" status="deleted" /><item id="125541653" status="deleted" /><item id="125541009" status="deleted" /><item id="125541659" status="deleted" /><item id="125541636" status="deleted" /><item id="125541642" status="deleted" /><item id="125541725" status="deleted" /><item id="125540975" status="deleted" /><item id="125541559" status="deleted" /><item id="125540984" status="deleted" /><item id="125541711" status="deleted" /><item id="125541608" status="deleted" /><item id="125541668" status="deleted" /><item id="125540950" status="deleted" /><item id="125540964" status="deleted" /><item id="125541717" status="deleted" /><item id="125541666" status="deleted" /><item id="125540973" status="deleted" /><item id="125541643" status="deleted" /><item id="125541016" status="deleted" /><item id="125541660" status="deleted" /><item id="125541609" status="deleted" /><item id="125541692" status="deleted" /><item id="125541669" status="deleted" /><item id="125541008" status="deleted" /><item id="125541709" status="deleted" /><item id="125541566" status="deleted" /><item id="125541014" status="deleted" /><item id="125541678" status="deleted" /><item id="125541658" status="deleted" /><item id="125541718" status="deleted" /><item id="125540951" status="deleted" /><item id="125541704" status="deleted" /><item id="125540954" status="deleted" /><item id="125541647" status="deleted" /><item id="125541724" status="deleted" /><item id="125541607" status="deleted" /><item id="125541696" status="deleted" /><item id="125541673" status="deleted" /><item id="125541590" status="deleted" /><item id="125540986" status="deleted" /><item id="125541690" status="deleted" /><item id="125541682" status="deleted" /><item id="125541662" status="deleted" /><item id="125541679" status="deleted" /><item id="125541656" status="deleted" /><item id="125541562" status="deleted" /><item id="125541622" status="deleted" /><item id="125541565" status="deleted" /><item id="125541004" status="deleted" /><item id="125541605" status="deleted" /><item id="125541582" status="deleted" /><item id="125541645" status="deleted" /><item id="125541614" status="deleted" /><item id="125541654" status="deleted" /><item id="125541657" status="deleted" /><item id="125541013" status="deleted" /><item id="125541580" status="deleted" /><item id="125541640" status="deleted" /><item id="125541620" status="deleted" /><item id="125540979" status="deleted" /><item id="125541629" status="deleted" /><item id="125541632" status="deleted" /><item id="125540985" status="deleted" /><item id="125541563" status="deleted" /><item id="125541005" status="deleted" /><item id="125541572" status="deleted" /><item id="125541598" status="deleted" /><item id="125541555" status="deleted" /><item id="125541698" status="deleted" /><item id="125541644" status="deleted" /><item id="125541561" status="deleted" /><item id="125541000" status="deleted" /><item id="125541601" status="deleted" /><item id="125541624" status="deleted" /><item id="125541610" status="deleted" /><item id="125540989" status="deleted" /><item id="125541719" status="deleted" /><item id="125541599" status="deleted" /><item id="125541015" status="deleted" /><item id="125541702" status="deleted" /><item id="125541619" status="deleted" /><item id="125540949" status="deleted" /><item id="125541625" status="deleted" /><item id="125540981" status="deleted" /><item id="125541651" status="deleted" /><item id="125541594" status="deleted" /><item id="125541574" status="deleted" /><item id="125541611" status="deleted" /><item id="125541577" status="deleted" /><item id="125540999" status="deleted" /><item id="125541557" status="deleted" /><item id="125541683" status="deleted" /><item id="125541600" status="deleted" /><item id="125541569" status="deleted" /><item id="125541583" status="deleted" /><item id="125541586" status="deleted" /><item id="125541649" status="deleted" /><item id="125541626" status="deleted" /><item id="125540991" status="deleted" /><item id="125541618" status="deleted" /><item id="125541592" status="deleted" /><item id="125541701" status="deleted" /><item id="125541635" status="deleted" /><item id="125541575" status="deleted" /><item id="125540980" status="deleted" /><item id="125540977" status="deleted" /><item id="125541578" status="deleted" /><item id="125541664" status="deleted" /><item id="125541581" status="deleted" /><item id="125541587" status="deleted" /><item id="125541670" status="deleted" /><item id="125541613" status="deleted" /><item id="125541713" status="deleted" /><item id="125541570" status="deleted" /><item id="125541630" status="deleted" /><item id="125541573" status="deleted" /><item id="125541018" status="deleted" /><item id="125540969" status="deleted" /><item id="125541639" status="deleted" /><item id="125541012" status="deleted" /><item id="125541596" status="deleted" /><item id="125541705" status="deleted" /><item id="125541648" status="deleted" /><item id="125540978" status="deleted" /><item id="125541671" status="deleted" /><item id="125541697" status="deleted" /><item id="125541010" status="deleted" /><item id="125541720" status="deleted" /><item id="125541663" status="deleted" /><item id="125541723" status="deleted" /><item id="125540996" status="deleted" /><item id="125541680" status="deleted" /><item id="125541623" status="deleted" /><item id="125540953" status="deleted" /><item id="125541712" status="deleted" /><item id="125541689" status="deleted" /><item id="125541646" status="deleted" /><item id="125540988" status="deleted" /><item id="125541681" status="deleted" /><item id="125541655" status="deleted" /><item id="125540971" status="deleted" /><item id="125541615" status="deleted" /></root>